text,category
"Market trends are up.","Market Analysis"
"Invest in diversified portfolios.","Investment Strategies"
"Latest financial regulations.","Financial Regulations"
"Understanding personal savings.","Personal Finance"
"Cryptocurrency is gaining popularity.","Cryptocurrency"
"Risk management is essential.","Risk Management"
"The stock market showed signs of recovery last week, with major indices climbing steadily.","Market Analysis"
"Diversifying your investment portfolio is crucial for minimizing risks.","Investment Strategies"
"Recent news highlights the rise of new technology stocks.","Financial News"
"Creating a budget is the first step towards financial health.","Personal Finance"
"Companies are increasingly focusing on sustainable practices in their corporate finance strategies.","Corporate Finance"
"The latest economic report indicates a slowdown in GDP growth.","Economic Reports"
"Effective risk management involves identifying potential financial risks.","Risk Management"
"New regulations imposed on financial institutions aim to increase transparency.","Financial Regulations"
"Understanding tax laws can help individuals optimize their tax liabilities.","Taxation"
"The real estate market is showing resilience, with property values increasing.","Real Estate Finance"
"Cryptocurrency continues to gain traction, with more investors entering the market.","Cryptocurrency"
"Insurance is a critical aspect of financial planning.","Insurance"
"Wealth management services are becoming increasingly personalized.","Wealth Management"
"Behavioral finance examines how psychological factors influence financial decision-making.","Behavioral Finance"
"Fintech companies are revolutionizing the financial services industry with innovative solutions.","Fintech Innovations"
"Analysis of stock market trends and economic indicators.","Market Analysis"
"Approaches to investing, including diversification and asset allocation.","Investment Strategies"
"Current events and updates in the financial world.","Financial News"
"Managing personal finances, including budgeting and saving.","Personal Finance"
"Financial management practices within corporations.","Corporate Finance"
"Reports on economic performance and forecasts.","Economic Reports"
"Strategies to identify and mitigate financial risks.","Risk Management"
"Laws and regulations governing financial institutions.","Financial Regulations"
"Understanding taxation and its implications for individuals.","Taxation"
"Finance related to buying, selling, and managing real estate.","Real Estate Finance"
"Digital currencies and blockchain technology.","Cryptocurrency"
"Financial products that provide protection against risks.","Insurance"
"Managing and growing individual wealth.","Wealth Management"
"Psychological influences on financial decisions.","Behavioral Finance"
"Innovations in financial technology and services.","Fintech Innovations"
